1786851345	32380	110816	8	3	1591696	0	394223	317995	10	6	26284	296059
1786851346	32380	110816	8	3	1616700	0	394375	318131	10	6	26286	296059
1786851346	32380	110816	8	3	1614460	0	394448	318189	10	6	26288	296059
1786851347	32380	110816	8	3	1613452	0	394597	318325	10	6	26290	296059
1786851347	32380	110816	8	3	1612444	0	394669	318384	10	6	26292	296059
1786851348	32380	110816	8	3	1612452	0	394821	318522	10	6	26294	296059
1786851349	32380	110816	8	3	1611948	0	394894	318580	10	6	26296	296059
1786851349	32380	110816	8	3	1611952	0	395045	318717	10	6	26298	296059
1786851350	32380	110816	8	3	1610944	0	395117	318774	10	6	26300	296059
1786851350	32380	110816	8	3	1607584	0	395267	318910	10	6	26304	296059
1786851351	32380	110816	8	3	1607576	0	395337	318967	10	6	26306	296060
1786851352	32380	110816	8	3	1607576	0	395490	319106	10	6	26321	296166
1786851352	32380	110816	8	3	1607156	0	395559	319162	10	8	26323	296166
1786851353	34928	111852	8	3	1601144	12	395715	319282	27	9	26329	296178
1786851353	34672	111852	8	3	1597740	20	395781	319321	40	11	26331	296178
1786851354	39556	113600	8	3	1592804	40	395941	319430	71	13	26420	296901
1786851354	39760	113600	8	3	1587312	48	396006	319465	84	15	26422	296901
1786851355	42000	113600	8	3	1587032	67	396168	319577	115	17	26511	297632
1786851355	46096	114244	8	3	1587096	76	396235	319614	128	19	26561	298029
1786851356	48488	114928	8	3	1583084	94	396392	319724	160	23	26597	298312
1786851356	48488	114928	8	3	1583220	102	396456	319762	173	23	26688	299062
1786851357	50880	115644	8	3	1578856	122	396618	319873	202	26	26739	299472
1786851358	51048	115796	8	3	1578912	130	396682	319908	216	27	26774	299744
1786851358	53096	116484	8	3	1574984	150	396846	320019	246	29	26861	300468
1786851359	55144	116484	8	3	1575000	158	396908	320056	259	31	26863	300468
1786851359	57192	117752	8	3	1570900	176	397067	320169	290	34	26952	301232
1786851360	59412	117752	8	3	1570956	184	397133	320206	302	34	26954	301232
1786851361	63508	118340	8	3	1566820	204	397294	320316	332	38	27038	301947
1786851361	63704	118948	8	3	1564924	212	397355	320351	345	40	27040	301947
1786851362	65944	118948	8	3	1560964	232	397515	320464	377	43	27135	302721
1786851362	67992	118948	8	3	1556648	238	397576	320499	390	45	27137	302721
1786851363	70444	120288	8	3	1556952	258	397738	320612	420	47	27223	303419
1786851363	70444	120288	8	3	1552916	266	397806	320647	432	47	27225	303419
1786851364	76908	120832	8	3	1553064	286	397965	320759	464	51	27312	304127
1786851364	76908	120832	8	3	1552880	294	398028	320794	477	53	27349	304418
1786851365	76908	121536	8	3	1553056	314	398184	320906	507	56	27407	304883
1786851365	78956	121536	8	3	1548804	321	398249	320941	519	57	27465	305347
1786851366	81260	122848	8	3	1544632	340	398410	321055	551	60	27509	305699
1786851367	83308	122848	8	3	1544440	348	398471	321088	564	61	27547	306001
1786851367	87404	123468	8	3	1539860	368	398631	321201	594	63	27633	306698
1786851368	87736	124064	8	3	1539876	375	398692	321237	604	66	27635	306698
1786851369	89784	124064	8	3	1534784	396	398852	321350	636	68	27726	307439
1786851369	92048	124064	8	3	1534616	402	398912	321382	650	69	27728	307439
1786851370	94096	125432	8	3	1533496	422	399077	321496	683	75	27821	308195
1786851370	94096	125432	8	3	1531304	430	399135	321529	692	77	27865	308546
1786851371	98192	126192	8	3	1523232	450	399295	321643	726	79	27915	308946
1786851371	98192	126728	8	3	1523352	458	399358	321675	733	79	27947	309200
1786851372	102496	126728	8	3	1519184	478	399517	321790	767	83	27999	309620
1786851372	102496	126728	8	3	1519244	485	399581	321824	777	84	28042	309964
1786851373	106816	127980	8	3	1519436	504	399743	321937	811	87	28104	310479
1786851373	106816	127980	8	3	1515380	512	399809	321972	822	89	28150	310873
1786851374	110912	128612	8	3	1515540	532	399964	322083	854	92	28235	311598
1786851375	110912	129292	8	3	1515540	540	400036	322121	865	92	28237	311598
1786851375	113252	129292	8	3	1511708	559	400190	322227	900	96	28330	312368
1786851376	113252	129920	8	3	1511776	568	400262	322271	911	98	28332	312368
1786851377	115500	130508	8	3	1503732	587	400415	322374	941	100	28429	313163
1786851377	119596	130508	8	3	1503812	596	400487	322417	956	102	28431	313163
1786851378	161768	175020	12	7	1462680	600	400674	322444	1066	103	28516	313824
1786851378	174812	193592	12	7	1438728	600	400724	322445	1109	103	28527	313903
1786851379	217328	210184	12	7	1401268	600	400923	322446	1271	111	28629	314886
1786851379	225708	211220	12	7	1400916	600	400969	322447	1295	114	28821	316911
1786851380	225976	223924	12	7	1396596	600	401163	322447	1462	128	29130	320189
1786851381	225976	241536	13	7	1396008	600	401232	322448	1486	132	29132	320190
1786851382	230344	237452	12	7	1395772	600	401423	322448	1644	142	29400	327812
1786851382	230344	239500	12	7	1394764	600	401495	322448	1688	144	29452	328324
1786851383	230344	252692	12	7	1390216	600	401754	322449	1915	160	29831	332354
1786851385	232548	264152	12	7	1384336	600	402014	322450	2131	175	30314	337486
1786851386	236644	273020	12	7	1382324	600	402252	322470	2338	190	30609	340595
1786851387	236644	284684	12	7	1382324	600	402516	322470	2545	204	30941	344122
1786851388	236644	293276	12	7	1379300	600	402758	322471	2768	221	31307	347982
1786851391	232228	294896	12	7	1379308	600	402868	322472	2985	247	31613	351220
1786851393	232228	297548	12	7	1379308	600	402995	322472	3288	309	31778	352947
1786851395	229512	300220	12	7	1379316	600	403097	322472	3645	334	31894	354150
1786851397	227276	300220	12	7	1377304	600	403206	322473	3967	338	32040	355686
1786851400	229476	301420	12	7	1377312	600	403345	322473	4291	343	32211	357478
1786851401	217428	302316	12	7	1377312	600	403442	322474	4681	385	32318	358585
1786851403	209272	302316	12	7	1377312	600	403548	322475	4919	409	32437	359828
1786851405	209272	302316	12	7	1376816	600	403650	322475	5219	414	32579	361310
1786851407	198772	303828	12	7	1376564	600	403748	322475	5533	437	32709	362672
1786851409	199272	303828	12	7	1371040	600	403846	322475	5791	460	32825	363886
1786851411	229592	307012	12	7	1349124	600	403959	322476	6045	502	32908	364724
1786851413	235792	307012	12	7	1339484	600	404059	322476	6328	526	33037	366074
1786851415	241180	308692	12	7	1338988	600	404159	322476	6622	532	33168	367448
1786851417	229688	308692	12	7	1337980	600	404287	322476	6897	555	33301	368848
1786851420	238272	308692	12	7	1332192	600	404403	322477	7269	562	33448	370393
1786851422	241380	308692	12	7	1332196	600	404532	322477	7626	588	33614	372143
1786851424	237592	308692	12	7	1328100	600	404632	322477	7931	629	33732	373373
1786851426	237592	311340	12	7	1327352	600	404733	322477	8224	634	33867	374785
1786851428	241220	314700	12	7	1326092	600	404856	322477	8464	677	34002	376200
1786851431	243532	317248	12	7	1325596	600	404999	322478	8911	684	34198	378268
1786851433	239880	319556	12	7	1325596	600	405100	322479	9221	730	34271	379026
1786851435	227348	320284	12	7	1321512	600	405215	322481	9493	754	34424	380638
1786851437	224276	324164	12	7	1321512	600	405334	322481	9825	816	34568	382147
1786851439	233148	325140	12	7	1321512	600	405437	322481	10146	840	34692	383442
1786851441	242128	326144	12	7	1321520	600	405556	322481	10440	864	34833	390799
1786851443	240824	327844	12	7	1321520	600	405677	322482	10765	889	34985	392398
1786851445	220540	328740	12	7	1321528	600	405782	322482	11111	914	35113	393731
1786851448	213936	328740	12	7	1348072	600	405915	322483	11467	937	35253	395192
1786851450	213936	328740	12	7	1344552	600	406018	322483	11789	1037	35385	396571
1786851452	213936	328740	12	7	1344300	600	406137	322483	12081	1042	35530	398078
1786851454	218456	328740	12	7	1342032	600	406248	322483	12429	1083	35663	399467
1786851456	228704	328740	12	7	1337944	600	406366	322484	12789	1108	35805	400956
1786851458	233188	328740	12	7	1337948	600	406465	322484	13096	1150	35925	402198
1786851461	228184	328740	12	7	1337956	600	406587	322484	13349	1175	36071	403704
1786851463	224972	328740	12	7	1337956	600	406711	322484	13738	1183	36225	405307
1786851465	227664	328740	12	7	1337956	600	406835	322485	14130	1191	36376	406877
1786851467	222956	328740	12	7	1337964	600	406938	322485	14465	1215	36508	408248
1786851469	224724	328740	12	7	1337712	600	407039	322485	14737	1235	36638	409598
1786851472	217816	328740	12	7	1337720	600	407180	322485	15068	1260	36796	411215
1786851475	217036	328740	12	7	1337728	600	407322	322486	15439	1286	36960	412909
1786851477	222752	328740	12	7	1337736	600	407433	322486	15865	1292	37130	414677
1786851478	234120	328740	12	7	1337056	0	407548	322538	16121	1322	37240	415804
1786851479	234120	328740	12	7	1337056	0	407774	322749	16121	1322	37242	415804
1786851481	234120	328740	12	7	1337064	0	408001	322960	16121	1323	37244	415804
1786851482	234120	328740	12	7	1336812	0	408228	323171	16121	1323	37246	415804
1786851483	234120	328740	12	7	1336816	0	408454	323382	16121	1323	37248	415804
1786851484	234120	328740	12	7	1336816	0	408681	323593	16121	1323	37250	415804
1786851485	234120	328740	12	7	1335556	0	408909	323805	16121	1324	37252	415804
1786851486	240608	328740	12	7	1335564	0	409138	324016	16121	1324	37254	415804
1786851487	240608	328740	12	7	1335060	0	409365	324223	16121	1324	37472	418065
1786851489	240608	328740	12	7	1332428	0	409595	324422	16121	1324	37503	418362
