target	cfg	posts	block	rep	level	elements	store	idle_app_kb	idle_pg_pss_kb	idle_mem_avail_kb	fsync	shared_buffers	max_connections	load_app_kb	load_pg_rss_kb	backends_max	cpu_busy_pct	app_cpu_pct	pg_cpu_pct	established	tput	p50	p95	p99	err	patch_rate	valid	gen_cpu_pct	xact_per_s	wal_rec_per_s	gen_saturated	interactions
medium	mem	5	1	1	100	94	memory	27588	0	3536976	NA	NA	NA	95112	0	0	75.0	72.3	0.0	100	362.57432778567005	296.561	593.384	800.751	0	1	true	3.9222694466740426	NA	NA	false	32724
small	mem	5	1	1	100	94	memory	27584	0	1646356	NA	NA	NA	94936	0	0	58.4	158.9	0.0	100	226.60457539468104	328.178	1502.31	2759	0	1	true	2.518583537846515	NA	NA	false	20675
medium	mem	5	1	1	300	94	memory	27488	0	3527024	NA	NA	NA	185852	0	0	75.2	72.3	0.0	300	365.34613028146913	876.683	1706.919	2374.499	0	1	true	3.993248186660085	NA	NA	false	33163
small	mem	5	1	1	300	94	memory	27624	0	1637732	NA	NA	NA	195832	0	0	56.9	167.6	0.0	300	106.705468751967	2023.559	7526.109	10496.554	0	1	true	1.38296112153012	NA	NA	false	10030
medium	mem	5	1	1	500	94	memory	27440	0	3543280	NA	NA	NA	276404	0	0	78.1	75.0	0.0	500	361.56207761715785	1509.964	3104.422	4216.896	0	1	true	4.103312667686866	NA	NA	false	33020
small	mem	5	1	1	500	94	memory	27356	0	1630796	NA	NA	NA	257344	0	0	59.2	189.9	0.0	500	75.38431446598604	6518.041	15704.351	21722.672	0.0012400110223201985	0.9987599889776798	true	1.1014818888016287	NA	NA	false	7258
medium	pg	5	1	1	100	94	postgres	30216	48458	3510144	on	588MB	56	115936	610272	7	78.5	67.4	4.5	100	303.63917667903127	237.216	926.513	1415.298	0	1	true	3.190073005348952	240.2	2816.4	false	27340
small	pg	5	1	1	100	94	postgres	27292	35749	1601708	on	296MB	56	106264	350696	7	63.3	171.1	10.6	100	84.20546493672084	728.981	3792.668	6007.644	0	1	true	1.0892966336999363	55.2	655.8	false	7604
medium	pg	5	1	1	300	94	postgres	28236	48285	3488016	on	588MB	56	230284	611760	7	77.0	84.8	6.0	300	269.0944551320535	787.82	3333.831	5508.119	0	1	true	2.87245147535701	185.5	2329.0	false	24341
small	pg	5	1	1	300	94	postgres	28660	35539	1610080	on	296MB	56	234120	328740	7	64.8	176.9	14.4	300	69.0378764094059	2995.114	13280.144	20287.977	0.0008007687379884689	0.9991992312620115	true	0.9594352016195884	58.8	688.0	false	6244
medium	pg	5	1	1	500	94	postgres	25528	47794	3517392	on	588MB	56	342736	584192	7	75.6	106.9	7.2	500	222.86757414622213	1515.479	7080.613	11566.879	0	1	true	2.4375188095422873	133.9	1699.6	false	20174
small	pg	5	1	1	500	94	postgres	28244	35569	1610424	on	296MB	56	341352	326200	7	65.9	181.9	10.7	500	65.71880773694836	5743.371	21197.954	26730.607	0.019346230820547032	0.980653769179453	true	0.7973507523662284	62.0	698.8	false	5996
medium	pg	5	2	1	100	94	postgres	27532	48465	3462112	on	588MB	56	117216	596676	7	79.5	71.6	4.9	100	287.01400172055423	254.545	983.571	1505.441	0	1	true	3.087415202209575	220.9	2612.3	false	25846
small	pg	5	2	1	100	94	postgres	25976	35627	1610028	on	296MB	56	102460	332616	7	62.5	169.7	12.3	100	73.34269784886327	973.118	4254.81	6523.472	0	1	true	0.9981392550750319	55.8	642.7	false	6604
medium	pg	5	2	1	300	94	postgres	29612	48333	3474756	on	588MB	56	226040	589132	7	76.4	83.1	6.2	300	255.10822490597312	820.312	3567.285	5835.643	0	1	true	2.713618602336066	181.9	2241.1	false	23060
small	pg	5	2	1	300	94	postgres	27328	35628	1597024	on	296MB	56	223580	323464	7	64.9	179.2	14.7	300	64.32009579045246	3286.901	13977.973	20391.056	0.001199040767386091	0.9988009592326139	true	0.896736496845852	58.0	668.4	false	5838
medium	pg	5	2	1	500	94	postgres	27052	48294	3489588	on	588MB	56	353544	601920	7	76.9	92.9	6.3	500	245.18763090586353	1376.561	6391.811	10886.528	0	1	true	2.6736007229022705	157.3	1986.6	false	22160
small	pg	5	2	1	500	94	postgres	26348	35275	1605504	on	296MB	56	354228	320684	8	64.8	178.1	14.6	500	65.97532637199109	5743.047	21018.405	27018.12	0.016766268260292164	0.9832337317397079	true	0.7854825877544627	62.0	707.0	false	6024
medium	mem	5	2	1	100	94	memory	26620	0	3520000	NA	NA	NA	94220	0	0	73.3	84.5	0.0	100	322.54272034273805	311.913	739.37	1037.09	0	1	true	3.899971210945899	NA	NA	false	29209
small	mem	5	2	1	100	94	memory	26292	0	1642396	NA	NA	NA	94068	0	0	53.2	167.2	0.0	100	108.61053410238733	443.589	2995.571	5959.725	0	1	true	1.4984516451626029	NA	NA	false	9910
medium	mem	5	2	1	300	94	memory	26856	0	3515640	NA	NA	NA	184192	0	0	77.3	82.2	0.0	300	325.9532317911751	928.453	1929.969	2586.953	0	1	true	3.7449194797882344	NA	NA	false	29930
small	mem	5	2	1	300	94	memory	26456	0	1639004	NA	NA	NA	191880	0	0	54.8	176.0	0.0	300	108.97247470929666	1425.945	9489.793	12713.65	0	1	true	1.4368769900055365	NA	NA	false	9841
medium	mem	5	2	1	500	94	memory	27044	0	3515860	NA	NA	NA	274540	0	0	71.6	92.6	0.0	500	304.9978919177873	1704.442	3786.604	5085.683	0	1	true	3.5618898235382703	NA	NA	false	28345
small	mem	5	2	1	500	94	memory	25096	0	1629852	NA	NA	NA	303116	0	0	59.3	192.4	0.0	500	84.22853211074198	4745.739	15750.634	22982.331	0.0016055329134247252	0.9983944670865753	true	1.2444354723101982	NA	NA	false	8097
medium	mem	5	3	1	100	94	memory	27852	0	3519720	NA	NA	NA	95532	0	0	76.8	74.2	0.0	100	344.97474664499254	306.23	655.309	908.154	0	1	true	3.872780105091081	NA	NA	false	31247
small	mem	5	3	1	100	94	memory	26044	0	1639392	NA	NA	NA	89964	0	0	55.1	177.4	0.0	100	120.22981199513485	449.641	2532.396	3943.693	0	1	true	1.5469600190688453	NA	NA	false	10972
medium	mem	5	3	1	300	94	memory	27304	0	3511264	NA	NA	NA	187268	0	0	75.3	82.7	0.0	300	323.8230783133233	923.389	2005.229	2835.667	0	1	true	3.5840969804452483	NA	NA	false	29725
small	mem	5	3	1	300	94	memory	26956	0	1640804	NA	NA	NA	192712	0	0	54.7	175.3	0.0	300	97.15891127508982	2535.24	8478.175	11748.348	0	1	true	1.3199976446974795	NA	NA	false	9003
medium	mem	5	3	1	500	94	memory	27440	0	3521052	NA	NA	NA	296068	0	0	72.8	91.5	0.0	500	293.588237253744	1711.598	4416.166	7985.959	0	1	true	3.027771367699332	NA	NA	false	27343
small	mem	5	3	1	500	94	memory	27332	0	1634912	NA	NA	NA	279524	0	0	55.8	176.5	0.0	500	90.08917684657376	6279.306	12720.7	16457.501	0	1	true	1.3012036377178005	NA	NA	false	8686
medium	pg	5	3	1	100	94	postgres	26220	48319	3496344	on	588MB	56	118180	597356	7	78.7	71.3	4.7	100	285.44577545151867	255.685	976.257	1497.275	0	1	true	3.026374313378146	215.6	2680.6	false	25715
small	pg	5	3	1	100	94	postgres	23712	35433	1601720	on	296MB	56	100716	366724	7	66.0	179.1	14.1	100	90.16342653375783	692.547	3721.793	6000.017	0	1	true	1.1694779747111235	55.7	696.5	false	8138
medium	pg	5	3	1	300	94	postgres	29096	48242	3506964	on	588MB	56	230920	604900	7	76.6	82.0	5.4	300	261.4928259356003	774.675	3490.754	5751.003	0	1	true	2.886548669199476	183.0	2262.1	false	23600
small	pg	5	3	1	300	94	postgres	26188	35411	1606172	on	296MB	56	225604	320708	7	66.1	173.5	16.5	300	55.525064605616755	3520.027	16761.218	24497.287	0.006548918436197659	0.9934510815638024	true	0.8554581638205355	54.7	629.7	false	5039
medium	pg	5	3	1	500	94	postgres	23860	48279	3491604	on	588MB	56	334828	604292	7	76.1	91.4	6.0	500	248.03975554183583	1359.18	6258.538	10575.01	0	1	true	2.783855080165967	163.3	2070.5	false	22415
small	pg	5	3	1	500	94	postgres	29272	35583	1597428	on	296MB	56	350824	327036	8	64.6	175.5	13.7	500	63.45224576961447	6006.035	21291.554	27488.144	0.02094875346260388	0.9790512465373962	true	0.8095673310057095	61.2	706.6	false	5776
medium	pg	5	fs	1	100	94	postgres	27976	47976	3464764	on	588MB	56	114988	591880	7	79.3	66.6	4.9	100	294.0351454614962	249.093	945.244	1424.667	0	1	true	3.1283176163799733	238.0	2439.9	false	26477
small	pg	5	soak	1	300	94	postgres	28072	35084	1617320	on	296MB	56	239820	503392	7	71.1	123.4	10.4	300	183.50754720511367	908.107	6001.882	12382.951	0.00012027904738994468	0.99987972095261	true	2.0624033369318564	100.4	1300.5	false	16628
small	pg	5	soak	2	300	94	postgres	28772	35727	1601592	on	296MB	56	225784	330464	7	66.6	183.5	13.5	300	66.97687409965427	3226.372	13478.489	20286.743	0.001156451346439782	0.9988435486535602	true	0.9589374944843111	59.2	693.6	false	6053
medium	pg	5	fs	2	100	94	postgres	26676	48392	3459580	on	588MB	56	113516	594220	7	78.7	66.2	4.5	100	295.775105787501	244.761	938.861	1426.056	0	1	true	3.19567492236901	232.5	2706.5	false	26639
small	pg	5	soak	3	300	94	postgres	25864	35333	1603532	on	296MB	56	214236	326672	8	66.0	182.4	11.3	300	69.02358349919416	3001.196	13014.301	18997.099	0.001443001443001443	0.9985569985569985	true	1.011787018310979	58.4	674.9	false	6237
medium	pg	5	fs	3	100	94	postgres	28708	48230	3466524	on	588MB	56	113668	601460	7	79.5	67.0	4.6	100	297.4489778394262	248.136	930.189	1401.448	0	1	true	3.3993660160273507	232.5	2757.7	false	26791
small	pg	5	soak	4	300	94	postgres	26312	35522	1610448	on	296MB	56	224896	315280	7	65.4	179.4	14.8	300	58.07684777864492	3463.918	16281.559	23552.159	0.0024649222601441033	0.997535077739856	true	0.9029143875268382	58.6	667.4	false	5274
small	pg	5	soak	5	300	94	postgres	27076	35305	1607472	on	296MB	56	220332	322008	8	64.4	177.4	11.2	300	64.5663300422199	3265.133	13471.943	19734.484	0.001191286589516678	0.9988087134104833	true	1.00535165560026	57.1	662.5	false	5876
small	pg	5	soak	6	300	94	postgres	28176	35540	1608268	on	296MB	56	223284	331908	7	64.3	179.4	11.5	300	70.48826679674698	2778.17	13013.335	19743.859	0.0012507817385866166	0.9987492182614134	true	1.0347103939388664	58.6	685.1	false	6396
small	pg	5	soak	7	300	94	postgres	26720	35664	1606060	on	296MB	56	221728	332712	8	62.0	162.1	14.9	300	70.16451971804835	3002.048	12997.789	19499.866	0.0007846829880728185	0.9992153170119272	true	1.0473527340127173	57.5	689.7	false	6372
small	pg	5	soak	8	300	94	postgres	27620	35577	1614036	on	296MB	56	230096	333832	7	65.4	180.5	12.1	300	68.65855879078818	2974.647	13235.769	20026.158	0.001447178002894356	0.9985528219971056	true	1.0086421427941235	59.5	707.9	false	6219
