run	target	cfg	block	level	win_s	win_n	conn_max	app_cores	pg_cores	machine_busy_cores	stat_tick_hz	load_app_kb	load_pg_rss_kb	backends_max	mem_avail_min_kb	xact_per_s	wal_rec_per_s
medium-mem-n100-b1r1	medium	mem	1	100	102	95	200	1.865	0.000	1.920	199.0	92160	0	0	3461152	NA	NA
medium-mem-n100-b2r1	medium	mem	2	100	104	90	200	1.799	0.000	1.783	186.0	94064	0	0	3459500	NA	NA
medium-mem-n100-b3r1	medium	mem	3	100	101	90	200	1.853	0.000	1.946	200.7	94976	0	0	3446636	NA	NA
medium-mem-n300-b1r1	medium	mem	1	300	102	95	600	1.882	0.000	1.942	200.4	174932	0	0	3305072	NA	NA
medium-mem-n300-b2r1	medium	mem	2	300	104	90	600	1.831	0.000	1.863	191.9	182588	0	0	3317560	NA	NA
medium-mem-n300-b3r1	medium	mem	3	300	104	90	600	1.825	0.000	1.841	190.0	188696	0	0	3310408	NA	NA
medium-mem-n500-b1r1	medium	mem	1	500	102	94	1000	1.895	0.000	1.959	200.5	273656	0	0	3104080	NA	NA
medium-mem-n500-b2r1	medium	mem	2	500	104	88	1000	1.834	0.000	1.763	180.5	274540	0	0	3191092	NA	NA
medium-mem-n500-b3r1	medium	mem	3	500	105	86	1000	1.766	0.000	1.772	181.7	307352	0	0	809568	NA	NA
medium-pg-n100-b1r1	medium	pg	1	100	101	83	200	1.637	0.113	1.912	199.8	113796	524392	7	3308960	297.3	3237.3
medium-pg-n100-b2r1	medium	pg	2	100	101	82	200	1.646	0.115	1.898	195.9	114168	516588	7	3330580	282.4	3123.9
medium-pg-n100-b3r1	medium	pg	3	100	100	81	200	1.640	0.118	1.907	196.9	116076	517004	7	3355268	282.3	3299.8
medium-pg-n100-bfsr1	medium	pg	fs	100	101	82	200	1.635	0.126	1.933	199.4	113604	516888	7	3302560	284.1	3101.8
medium-pg-n100-bfsr2	medium	pg	fs	100	101	83	200	1.650	0.116	1.934	200.2	112360	521312	7	3299032	286.9	3189.0
medium-pg-n100-bfsr3	medium	pg	fs	100	101	83	200	1.644	0.114	1.925	200.1	112076	511496	7	3297732	288.3	3255.1
medium-pg-n300-b1r1	medium	pg	1	300	102	80	600	1.640	0.113	1.743	179.6	236176	533032	7	3187212	265.2	3140.1
medium-pg-n300-b2r1	medium	pg	2	300	102	79	600	1.625	0.117	1.746	180.2	238596	509564	7	3195068	248.1	2880.2
medium-pg-n300-b3r1	medium	pg	3	300	101	78	600	1.635	0.114	1.768	182.3	240756	518268	7	3201116	258.4	3015.0
medium-pg-n500-b1r1	medium	pg	1	500	102	74	1000	1.615	0.110	1.552	159.5	363880	501248	7	3039116	222.8	2617.0
medium-pg-n500-b2r1	medium	pg	2	500	101	76	1000	1.642	0.113	1.691	173.5	373928	514116	7	3015292	242.9	2836.3
medium-pg-n500-b3r1	medium	pg	3	500	102	78	1000	1.640	0.111	1.694	174.4	370160	512928	7	3076364	244.4	2878.2
small-mem-n100-b1r1	small	mem	1	100	103	83	200	1.736	0.000	1.356	143.2	92928	0	0	1532060	NA	NA
small-mem-n100-b2r1	small	mem	2	100	103	84	200	1.567	0.000	0.851	93.1	90348	0	0	640700	NA	NA
small-mem-n100-b3r1	small	mem	3	100	103	75	200	1.702	0.000	0.861	94.1	88552	0	0	1542448	NA	NA
small-mem-n300-b1r1	small	mem	1	300	105	72	600	1.686	0.000	0.802	86.3	178408	0	0	1425580	NA	NA
small-mem-n300-b2r1	small	mem	2	300	101	69	600	1.689	0.000	0.819	87.4	170664	0	0	1447172	NA	NA
small-mem-n300-b3r1	small	mem	3	300	104	70	600	1.688	0.000	0.761	81.8	180336	0	0	1433616	NA	NA
small-mem-n500-b1r1	small	mem	1	500	106	67	1000	1.704	0.000	0.656	69.9	258220	0	0	1319232	NA	NA
small-mem-n500-b2r1	small	mem	2	500	108	68	1000	1.705	0.000	0.699	75.4	303116	0	0	1307248	NA	NA
small-mem-n500-b3r1	small	mem	3	500	107	69	1000	1.703	0.000	0.739	79.0	276224	0	0	1366468	NA	NA
small-pg-n100-b1r1	small	pg	1	100	100	58	200	1.472	0.094	0.781	84.4	103292	326200	7	1464080	104.4	1139.8
small-pg-n100-b2r1	small	pg	2	100	102	76	200	1.394	0.099	0.724	79.6	102396	298456	7	1472496	90.5	1013.7
small-pg-n100-b3r1	small	pg	3	100	100	57	200	1.457	0.108	0.815	87.7	102304	341316	7	1463916	109.3	1285.8
small-pg-n300-b1r1	small	pg	1	300	102	61	600	1.434	0.118	0.689	74.3	227276	303828	7	1321512	86.8	1004.2
small-pg-n300-b2r1	small	pg	2	300	104	65	600	1.430	0.099	0.673	74.1	216456	306908	7	1317508	81.6	932.3
small-pg-n300-b3r1	small	pg	3	300	102	58	600	1.301	0.112	0.681	74.9	223132	302240	7	534076	74.8	884.7
small-pg-n300-bsoakr1	small	pg	soak	300	101	67	600	1.537	0.119	1.330	139.2	242436	412688	7	1296768	191.8	2196.5
small-pg-n300-bsoakr2	small	pg	soak	300	101	51	600	1.459	0.099	0.681	73.2	226588	308344	7	1313424	86.0	1006.0
small-pg-n300-bsoakr3	small	pg	soak	300	102	70	600	1.421	0.116	0.705	76.5	221452	305328	8	1316076	86.8	993.9
small-pg-n300-bsoakr4	small	pg	soak	300	103	63	600	1.306	0.105	0.693	75.9	226288	298440	7	457776	76.7	876.4
small-pg-n300-bsoakr5	small	pg	soak	300	102	71	600	1.411	0.082	0.686	75.1	213724	300452	8	1313340	82.9	951.9
small-pg-n300-bsoakr6	small	pg	soak	300	101	67	600	1.460	0.093	0.703	75.9	221292	303124	7	1326336	87.6	1007.3
small-pg-n300-bsoakr7	small	pg	soak	300	103	65	601	1.422	0.113	0.706	75.9	221728	312600	8	1301740	87.3	1028.7
small-pg-n300-bsoakr8	small	pg	soak	300	102	66	600	1.443	0.099	0.689	75.7	222628	306868	7	1319004	86.0	1010.7
small-pg-n500-b1r1	small	pg	1	500	104	65	1000	1.391	0.081	0.599	64.9	346976	284252	7	1200580	69.5	805.1
small-pg-n500-b2r1	small	pg	2	500	102	65	1000	1.382	0.108	0.604	65.6	350800	286288	8	1207748	70.3	821.5
small-pg-n500-b3r1	small	pg	3	500	103	67	1001	1.351	0.100	0.609	65.8	350892	293296	8	1197968	69.5	821.1
